Gene	Study of Origin	Sample ID	Cancer Type	Cancer Type Detailed	Protein Change	Annotation	Custom Driver	Custom Driver Tiers	Functional Impact	Mutation Type	Variant Type	Copy #	MS	VS	Center	Chromosome	Start Pos	End Pos	Ref	Var	HGVSg	HGVSc	Allele Freq (T)	Allele Freq (N)	Variant Reads	Ref Reads	Variant Reads (Normal)	Ref Reads (Normal)	# Mut in Sample	Exon	gnomAD	ClinVar	dbSNP	SIGNAL	Adjuvant Chemotherapy	Adjuvant Treatment	Diagnosis Age	Patient Display Name	ER Status	ER Status By IHC	Followup (years)	Fraction Genome Altered	Fusion Status	Gene Panel	Genomic Alterations	Neoplasm Histologic Grade	HER2 Status	IHC-HER2	Local Regional Recurrence	Metastatic Site	Metastatic tumor indicator	MYB or MYBL1 Fusion	MYB-NFIB Fusion Gene Copy Number Alterations	MYB-NFIB FISH	MYB-NFIB Fusion Gene Non-synonymous Mutations	MYB-NFIB Rearrangement	Neoadjuvant Chemotherapy	Oncotree Code	Overall Patient Histology	Platform	Primary Tumor Site	PR Status	PR status by ihc	Radiation Therapy	Number of Samples Per Patient	Sample Type	Sex	Somatic Status	Study	Time to Metastasis (months)	TMB (nonsynonymous)	Tumor Site	Tumor Size	Tumor Size (cm)	Tumor Stage	Type of Surgery	Patient's Vital Status
TP53	Metaplastic Breast Cancer (MSK,NPJ Breast Cancer 2021)	MBC108T	Breast Cancer	Metaplastic Breast Cancer	R248Q	OncoKB: Likely Oncogenic, level NA, resistance NA;CIViC: diagnosticCount: 0, predictiveCount: 2, prognosticCount: 2, predisposingCount: 1, oncogenicCount: 1, functionalCount: 6;CancerHotspot: yes;3DHotspot: yes			MutationAssessor: impact: medium, score: 5.24674698708828;SIFT: impact: deleterious, score: 0;Polyphen-2: impact: probably_damaging, score: 0.994;AlphaMissense: pathogenicity: pathogenic, score: 0.9963	Missense_Mutation	SNP		NA	NA	NA	17	7577538	7577538	C	T	17:g.7577538C>T	ENST00000269305.4:c.743G>A							112	7/11		Pathogenic		0.00023					Negative					WES		3	Negative											MBC				Negative			1	Primary		Matched			3.73333333333	Breast		3.0			
TP53	Metaplastic Breast Cancer (MSK,NPJ Breast Cancer 2021)	MT16	Breast Cancer	Metaplastic Breast Cancer	C238Y	OncoKB: Likely Oncogenic, level NA, resistance NA;CIViC: diagnosticCount: 0, predictiveCount: 0, prognosticCount: 1, predisposingCount: 0, oncogenicCount: 0, functionalCount: 1;CancerHotspot: yes;3DHotspot: yes			MutationAssessor: impact: medium, score: 6.514057117250606;SIFT: impact: deleterious, score: 0;Polyphen-2: impact: probably_damaging, score: 1;AlphaMissense: pathogenicity: pathogenic, score: 0.9996	Missense_Mutation	SNP		NA	NA	NA	17	7577568	7577568	C	T	17:g.7577568C>T	ENST00000269305.4:c.713G>A							8	7/11		Pathogenic/Likely_pathogenic							Negative					IMPACT468		3	Negative											MBC				Negative			1	Primary		Matched			6.91758475987	Breast		5.2			
TP53	Metaplastic Breast Cancer (MSK,NPJ Breast Cancer 2021)	MT35	Breast Cancer	Metaplastic Breast Cancer	V173L	OncoKB: Likely Oncogenic, level NA, resistance NA;CIViC: diagnosticCount: 0, predictiveCount: 0, prognosticCount: 0, predisposingCount: 0, oncogenicCount: 0, functionalCount: 1;CancerHotspot: yes;3DHotspot: yes			MutationAssessor: impact: medium, score: 6.514149410744177;SIFT: impact: deleterious, score: 0;Polyphen-2: impact: possibly_damaging, score: 0.827;AlphaMissense: pathogenicity: pathogenic, score: 0.9942	Missense_Mutation	SNP		NA	NA	NA	17	7578413	7578413	C	A	17:g.7578413C>A	ENST00000269305.4:c.517G>T							7	5/11		Pathogenic/Likely_pathogenic							Negative					IMPACT468		3	Negative											MBC				Negative			1	Primary		Matched			5.1881885699	Breast		2.3			
TP53	Metaplastic Breast Cancer (MSK,NPJ Breast Cancer 2021)	MT51	Breast Cancer	Metaplastic Breast Cancer	R273H	OncoKB: Oncogenic, level NA, resistance NA;CIViC: diagnosticCount: 0, predictiveCount: 3, prognosticCount: 2, predisposingCount: 0, oncogenicCount: 1, functionalCount: 6;CancerHotspot: yes;3DHotspot: yes			MutationAssessor: impact: low, score: 4.979377778168904;SIFT: impact: tolerated, score: 0.13;Polyphen-2: impact: possibly_damaging, score: 0.643;AlphaMissense: pathogenicity: pathogenic, score: 0.9889	Missense_Mutation	SNP		NA	NA	NA	17	7577120	7577120	C	T	17:g.7577120C>T	ENST00000269305.4:c.818G>A							3	8/11		Pathogenic							Negative					IMPACT468		3	Negative											MBC				Negative			1	Primary		Matched			2.59409428495	Breast		3			
TP53	Metaplastic Breast Cancer (MSK,NPJ Breast Cancer 2021)	MT69	Breast Cancer	Metaplastic Breast Cancer	R248Q	OncoKB: Likely Oncogenic, level NA, resistance NA;CIViC: diagnosticCount: 0, predictiveCount: 2, prognosticCount: 2, predisposingCount: 1, oncogenicCount: 1, functionalCount: 6;CancerHotspot: yes;3DHotspot: yes			MutationAssessor: impact: medium, score: 5.24674698708828;SIFT: impact: deleterious, score: 0;Polyphen-2: impact: probably_damaging, score: 0.994;AlphaMissense: pathogenicity: pathogenic, score: 0.9963	Missense_Mutation	SNP		NA	NA	NA	17	7577538	7577538	C	T	17:g.7577538C>T	ENST00000269305.4:c.743G>A							4	7/11		Pathogenic		0.00023					Negative					IMPACT468		3	Negative											MBC				Negative			1	Primary		Matched			3.45879237993	Breast		3.9			
TP53	Metaplastic Breast Cancer (MSK,NPJ Breast Cancer 2021)	MT82	Breast Cancer	Metaplastic Breast Cancer	R248Q	OncoKB: Likely Oncogenic, level NA, resistance NA;CIViC: diagnosticCount: 0, predictiveCount: 2, prognosticCount: 2, predisposingCount: 1, oncogenicCount: 1, functionalCount: 6;CancerHotspot: yes;3DHotspot: yes			MutationAssessor: impact: medium, score: 5.24674698708828;SIFT: impact: deleterious, score: 0;Polyphen-2: impact: probably_damaging, score: 0.994;AlphaMissense: pathogenicity: pathogenic, score: 0.9963	Missense_Mutation	SNP		NA	NA	NA	17	7577538	7577538	C	T	17:g.7577538C>T	ENST00000269305.4:c.743G>A							5	7/11		Pathogenic		0.00023					Negative					IMPACT341		3	Negative											MBC				Negative			1	Primary		Matched			5.54577650299	Breast		2.1			
TP53	RAD51B Associated Mixed Cancers (MSK, NPJ Breast Cancer 2021)	MSK-05	Gastrointestinal Neuroendocrine Tumor	High-Grade Neuroendocrine Carcinoma of the Colon and Rectum	R248Q	OncoKB: Likely Oncogenic, level NA, resistance NA;CIViC: diagnosticCount: 0, predictiveCount: 2, prognosticCount: 2, predisposingCount: 1, oncogenicCount: 1, functionalCount: 6;CancerHotspot: yes;3DHotspot: yes			MutationAssessor: impact: medium, score: 5.24674698708828;SIFT: impact: deleterious, score: 0;Polyphen-2: impact: probably_damaging, score: 0.994;AlphaMissense: pathogenicity: pathogenic, score: 0.9963	Missense_Mutation	SNP		NA	NA	NA	17	7577538	7577538	C	T	17:g.7577538C>T	ENST00000269305.4:c.743G>A							10	7/11		Pathogenic		0.00023								0.0636																HGNEC							1			Matched									
TP53	RAD51B Associated Mixed Cancers (MSK, NPJ Breast Cancer 2021)	MSK-12	Ovarian Cancer	High-Grade Serous Ovarian Cancer	H178D	OncoKB: Likely Oncogenic, level NA, resistance NA;CIViC: diagnosticCount: 0, predictiveCount: 0, prognosticCount: 0, predisposingCount: 0, oncogenicCount: 0, functionalCount: 0;CancerHotspot: yes;3DHotspot: yes			MutationAssessor: impact: medium, score: 5.601376177341458;SIFT: impact: deleterious, score: 0;Polyphen-2: impact: probably_damaging, score: 1;AlphaMissense: pathogenicity: pathogenic, score: 0.9988	Missense_Mutation	SNP		NA	NA	NA	17	7578398	7578398	G	C	17:g.7578398G>C	ENST00000269305.4:c.532C>G							9	5/11		Pathogenic										0.6378																HGSOC							1			Matched									
TP53	Metaplastic Breast Cancer (MSK,NPJ Breast Cancer 2021)	MT46	Breast Cancer	Metaplastic Breast Cancer	G266E	OncoKB: Likely Oncogenic, level NA, resistance NA;CIViC: diagnosticCount: 0, predictiveCount: 0, prognosticCount: 0, predisposingCount: 0, oncogenicCount: 0, functionalCount: 2;CancerHotspot: yes;3DHotspot: no			MutationAssessor: impact: medium, score: 6.513595394066996;SIFT: impact: deleterious, score: 0;Polyphen-2: impact: probably_damaging, score: 0.999;AlphaMissense: pathogenicity: pathogenic, score: 0.9988	Missense_Mutation	SNP		NA	NA	NA	17	7577141	7577141	C	T	17:g.7577141C>T	ENST00000269305.4:c.797G>A							2	8/11		Pathogenic/Likely_pathogenic							Negative					IMPACT468		3	Negative											MBC				Negative			1	Primary		Matched			1.72939618997	Breast		3.1			
TP53	RAD51B Associated Mixed Cancers (MSK, NPJ Breast Cancer 2021)	MSK-08	Ovarian Cancer	High-Grade Serous Ovarian Cancer	G266R	OncoKB: Likely Oncogenic, level NA, resistance NA;CIViC: diagnosticCount: 0, predictiveCount: 0, prognosticCount: 0, predisposingCount: 0, oncogenicCount: 0, functionalCount: 3;CancerHotspot: yes;3DHotspot: no			MutationAssessor: impact: medium, score: 6.513595394066996;SIFT: impact: deleterious, score: 0.03;Polyphen-2: impact: probably_damaging, score: 0.951;AlphaMissense: pathogenicity: pathogenic, score: 0.9986	Missense_Mutation	SNP		NA	NA	NA	17	7577142	7577142	C	T	17:g.7577142C>T	ENST00000269305.4:c.796G>A							84	8/11		Pathogenic										0.5807																HGSOC							1			Matched									
TP53	Metaplastic Breast Cancer (MSK,NPJ Breast Cancer 2021)	MBC117T	Breast Cancer	Metaplastic Breast Cancer	C242G	OncoKB: Likely Oncogenic, level NA, resistance NA;CIViC: NA;CancerHotspot: yes;3DHotspot: yes			MutationAssessor: impact: medium, score: 6.514149410744177;SIFT: impact: deleterious, score: 0;Polyphen-2: impact: probably_damaging, score: 1;AlphaMissense: pathogenicity: pathogenic, score: 0.9973	Missense_Mutation	SNP		NA	NA	NA	17	7577557	7577557	A	C	17:g.7577557A>C	ENST00000269305.4:c.724T>G							126	7/11		Conflicting_classifications_of_pathogenicity(Likely_pathogenic(1)|Uncertain_significance(1))							Negative					WES		3	Negative											MBC				Negative			1	Primary		Matched			4.16666666667	Breast		1.6			
TP53	Metaplastic Breast Cancer (MSK,NPJ Breast Cancer 2021)	MT26	Breast Cancer	Metaplastic Breast Cancer	V274D	OncoKB: Likely Oncogenic, level NA, resistance NA;CIViC: NA;CancerHotspot: yes;3DHotspot: yes			MutationAssessor: impact: medium, score: 5.516290274228912;SIFT: impact: deleterious, score: 0;Polyphen-2: impact: probably_damaging, score: 0.997;AlphaMissense: pathogenicity: pathogenic, score: 0.9991	Missense_Mutation	SNP		NA	NA	NA	17	7577117	7577117	A	T	17:g.7577117A>T	ENST00000269305.4:c.821T>A							4	8/11		Conflicting_classifications_of_pathogenicity(Pathogenic(1)|Uncertain_significance(1))												IMPACT468		3												MBC							1	Primary		Matched			3.45879237993	Breast					
TP53	Metaplastic Breast Cancer (MSK,NPJ Breast Cancer 2021)	MBC114T	Breast Cancer	Metaplastic Breast Cancer	X187_splice	OncoKB: Likely Oncogenic, level NA, resistance NA;CIViC: NA;CancerHotspot: yes;3DHotspot: no			MutationAssessor: NA;SIFT: NA;Polyphen-2: NA;AlphaMissense: NA	Splice_Site	SNP		NA	NA	NA	17	7578274	7578274	TGAGGAGGGGCCAGACCTAA	T	17:g.7578274_7578274delinsT	ENST00000269305.4:c.560-4_574del							53	6/11									Negative					WES		3	Negative											MBC				Negative			1	Primary		Matched			1.76666666667	Breast		1.4			
TP53	Metaplastic Breast Cancer (MSK,NPJ Breast Cancer 2021)	MT09	Breast Cancer	Metaplastic Breast Cancer	X307_splice	OncoKB: Likely Oncogenic, level NA, resistance NA;CIViC: NA;CancerHotspot: yes;3DHotspot: no			MutationAssessor: NA;SIFT: NA;Polyphen-2: NA;AlphaMissense: NA	Splice_Site	SNP		NA	NA	NA	17	7577018	7577018	C	G	17:g.7577018C>G	ENST00000269305.4:c.919+1G>C							2			Likely_pathogenic		0.000058					Negative					IMPACT468		3	Negative											MBC				Negative			1	Primary		Matched			1.72939618997	Breast		2.2			
TP53	RAD51B Associated Mixed Cancers (MSK, NPJ Breast Cancer 2021)	MSK-06	Esophagogastric Cancer	Adenocarcinoma of the Gastroesophageal Junction	T155_R156dup	OncoKB: Likely Oncogenic, level NA, resistance NA;CIViC: NA;CancerHotspot: yes;3DHotspot: no			MutationAssessor: NA;SIFT: NA;Polyphen-2: NA;AlphaMissense: NA	In_Frame_Ins	INS		NA	NA	NA	17	7578461	7578462	-	GCGGGT	17:g.7578461_7578462insGCGGGT	ENST00000269305.4:c.463_468dup							176	5/11												0.0841																GEJ							1			Matched									
TP53	RAD51B Associated Mixed Cancers (MSK, NPJ Breast Cancer 2021)	MSK-07	Ovarian Cancer	High-Grade Serous Ovarian Cancer	I255_T256insM	OncoKB: Likely Oncogenic, level NA, resistance NA;CIViC: NA;CancerHotspot: yes;3DHotspot: no			MutationAssessor: NA;SIFT: NA;Polyphen-2: NA;AlphaMissense: NA	In_Frame_Ins	INS		NA	NA	NA	17	7577514	7577515	-	TCA	17:g.7577514_7577515insTCA	ENST00000269305.4:c.766_767insTGA							4	7/11												0.4993																HGSOC							1			Matched									
TP53	RAD51B Associated Mixed Cancers (MSK, NPJ Breast Cancer 2021)	MSK-09	Breast Cancer	Breast Invasive Ductal Carcinoma	X332_splice	OncoKB: Likely Oncogenic, level NA, resistance NA;CIViC: NA;CancerHotspot: yes;3DHotspot: no			MutationAssessor: NA;SIFT: NA;Polyphen-2: NA;AlphaMissense: NA	Splice_Site	SNP		NA	NA	NA	17	7574034	7574034	C	T	17:g.7574034C>T	ENST00000269305.4:c.994-1G>A							6			Pathogenic/Likely_pathogenic							Negative			0.0178					Positive											IDC							1			Matched									
TP53	Metaplastic Breast Cancer (MSK,NPJ Breast Cancer 2021)	MBC102T	Breast Cancer	Metaplastic Breast Cancer	Q192*	OncoKB: Likely Oncogenic, level NA, resistance NA;CIViC: NA;CancerHotspot: no;3DHotspot: no			MutationAssessor: NA;SIFT: NA;Polyphen-2: NA;AlphaMissense: NA	Nonsense_Mutation	SNP		NA	NA	NA	17	7578275	7578275	G	A	17:g.7578275G>A	ENST00000269305.4:c.574C>T							55	6/11		Pathogenic							Negative					WES		3	Negative											MBC				Negative			1	Primary		Matched			1.83333333333	Breast		3.0			
TP53	Metaplastic Breast Cancer (MSK,NPJ Breast Cancer 2021)	MBC104T	Breast Cancer	Metaplastic Breast Cancer	G108Afs*34	OncoKB: Likely Oncogenic, level NA, resistance NA;CIViC: NA;CancerHotspot: no;3DHotspot: no			MutationAssessor: NA;SIFT: NA;Polyphen-2: NA;AlphaMissense: NA	Frame_Shift_Del	SNP		NA	NA	NA	17	7579344	7579344	GCAAGAAGCCCAGACGGAAAC	G	17:g.7579344_7579344delinsG	ENST00000269305.4:c.323_342del							98	4/11									Negative					WES		3	Negative											MBC				Negative			1	Primary		Matched			3.26666666667	Breast		1.1			
TP53	Metaplastic Breast Cancer (MSK,NPJ Breast Cancer 2021)	MT09	Breast Cancer	Metaplastic Breast Cancer	E298*	OncoKB: Likely Oncogenic, level NA, resistance NA;CIViC: NA;CancerHotspot: no;3DHotspot: no			MutationAssessor: NA;SIFT: NA;Polyphen-2: NA;AlphaMissense: NA	Nonsense_Mutation	SNP		NA	NA	NA	17	7577046	7577046	C	A	17:g.7577046C>A	ENST00000269305.4:c.892G>T							2	8/11		Pathogenic							Negative					IMPACT468		3	Negative											MBC				Negative			1	Primary		Matched			1.72939618997	Breast		2.2			
TP53	Metaplastic Breast Cancer (MSK,NPJ Breast Cancer 2021)	MT35	Breast Cancer	Metaplastic Breast Cancer	E204Vfs*4	OncoKB: Likely Oncogenic, level NA, resistance NA;CIViC: NA;CancerHotspot: no;3DHotspot: no			MutationAssessor: NA;SIFT: NA;Polyphen-2: NA;AlphaMissense: NA	Frame_Shift_Del	DEL		NA	NA	NA	17	7578237	7578238	CT	-	17:g.7578237_7578238del	ENST00000269305.4:c.611_612del							7	6/11									Negative					IMPACT468		3	Negative											MBC				Negative			1	Primary		Matched			5.1881885699	Breast		2.3			
TP53	Metaplastic Breast Cancer (MSK,NPJ Breast Cancer 2021)	MT62	Breast Cancer	Metaplastic Breast Cancer	R342*	OncoKB: Likely Oncogenic, level NA, resistance NA;CIViC: NA;CancerHotspot: no;3DHotspot: no			MutationAssessor: NA;SIFT: NA;Polyphen-2: NA;AlphaMissense: NA	Nonsense_Mutation	SNP		NA	NA	NA	17	7574003	7574003	G	A	17:g.7574003G>A	ENST00000269305.4:c.1024C>T							6	10/11		Pathogenic							Negative					IMPACT468		3	Negative											MBC				Negative			1	Primary		Matched			5.1881885699	Breast		2.5			
TP53	Metaplastic Breast Cancer (MSK,NPJ Breast Cancer 2021)	MT70	Breast Cancer	Metaplastic Breast Cancer	S94*	OncoKB: Likely Oncogenic, level NA, resistance NA;CIViC: NA;CancerHotspot: no;3DHotspot: no			MutationAssessor: NA;SIFT: NA;Polyphen-2: NA;AlphaMissense: NA	Nonsense_Mutation	SNP		NA	NA	NA	17	7579406	7579406	G	C	17:g.7579406G>C	ENST00000269305.4:c.281C>G							3	4/11									Negative					IMPACT468		3	Negative											MBC				Negative			1	Primary		Matched			2.59409428495	Breast		2.9			
TP53	Metaplastic Breast Cancer (MSK,NPJ Breast Cancer 2021)	MT72	Breast Cancer	Metaplastic Breast Cancer	P80Lfs*43	OncoKB: Likely Oncogenic, level NA, resistance NA;CIViC: NA;CancerHotspot: no;3DHotspot: no			MutationAssessor: NA;SIFT: NA;Polyphen-2: NA;AlphaMissense: NA	Frame_Shift_Del	DEL		NA	NA	NA	17	7579448	7579448	G	-	17:g.7579448del	ENST00000269305.4:c.239del							2	4/11		Pathogenic							Negative					IMPACT468		3	Negative											MBC				Negative			1	Primary		Matched			1.72939618997	Breast		4.5			
TP53	RAD51B Associated Mixed Cancers (MSK, NPJ Breast Cancer 2021)	MSK-04	Renal Cell Carcinoma	Unclassified Renal Cell Carcinoma	Q38Kfs*6	OncoKB: Likely Oncogenic, level NA, resistance NA;CIViC: NA;CancerHotspot: no;3DHotspot: no			MutationAssessor: NA;SIFT: NA;Polyphen-2: NA;AlphaMissense: NA	Frame_Shift_Del	DEL		NA	NA	NA	17	7579575	7579575	G	-	17:g.7579575del	ENST00000269305.4:c.112del							8	4/11		Pathogenic										0.2557																URCC							1			Matched									
TP53	RAD51B Associated Mixed Cancers (MSK, NPJ Breast Cancer 2021)	TCGA-B5-A1N2-01	Endometrial Cancer	Uterine Endometrioid Carcinoma	Q317*	OncoKB: Likely Oncogenic, level NA, resistance NA;CIViC: NA;CancerHotspot: no;3DHotspot: no			MutationAssessor: NA;SIFT: NA;Polyphen-2: NA;AlphaMissense: NA	Nonsense_Mutation	SNP		NA	NA	NA	17	7576897	7576897	G	A	17:g.7576897G>A	ENST00000269305.4:c.949C>T							100	9/11		Pathogenic/Likely_pathogenic						TCGA-02				0.5407																UEC							1			Matched									
